id,sender,subject,body,priority,triage_label,clean_subject,clean_body,clean_text,triage_output
1,alerts@bank.com,Password Reset Request,Reminder: The client meeting is scheduled at 10:00 tomorrow. Prepare your slides.,low,notify_human,password reset request,reminder the client meeting is scheduled at 10 00 tomorrow prepare your slides,password reset request reminder the client meeting is scheduled at 10 00 tomorrow prepare your slides,respond_or_act
2,alerts@bank.com,Congratulations! You've Won,Your invoice of INR 25515.09 is due on 2025-12-12. Please pay to avoid late fees.,low,respond,congratulations you ve won,your invoice of inr 25515 09 is due on 2025 12 12 please pay to avoid late fees,congratulations you ve won your invoice of inr 25515 09 is due on 2025 12 12 please pay to avoid late fees,respond_or_act
3,no-reply@service.com,Promotion: Big Sale,Reminder: The client meeting is scheduled at 11:30 tomorrow. Prepare your slides.,low,ignore,promotion big sale,reminder the client meeting is scheduled at 11 30 tomorrow prepare your slides,promotion big sale reminder the client meeting is scheduled at 11 30 tomorrow prepare your slides,ignore
4,sales@shop.com,Monthly Report,"Hello team, please find the attached weekly report and action items for the project.",medium,respond,monthly report,hello team please find the attached weekly report and action items for the project,monthly report hello team please find the attached weekly report and action items for the project,notify_human
5,no-reply@service.com,Survey,"Hello team, please find the attached weekly report and action items for the project.",low,respond,survey,hello team please find the attached weekly report and action items for the project,survey hello team please find the attached weekly report and action items for the project,notify_human
6,alerts@bank.com,Unusual Login Attempt,Your invoice of INR 38766.88 is due on 2025-12-14. Please pay to avoid late fees.,low,notify_human,unusual login attempt,your invoice of inr 38766 88 is due on 2025 12 14 please pay to avoid late fees,unusual login attempt your invoice of inr 38766 88 is due on 2025 12 14 please pay to avoid late fees,respond_or_act
7,hr@company.com,Project Update,Congratulations! You have been selected as a lucky winner. Claim your prize now by clicking the link.,low,ignore,project update,congratulations you have been selected as a lucky winner claim your prize now by clicking the link,project update congratulations you have been selected as a lucky winner claim your prize now by clicking the link,ignore
8,sales@shop.com,Project Update,Your order #6313 has been shipped and is expected to deliver by 2026-01-10.,medium,respond,project update,your order 6313 has been shipped and is expected to deliver by 2026 01 10,project update your order 6313 has been shipped and is expected to deliver by 2026 01 10,respond_or_act
9,security@bank.com,Account Suspended,"Dear user, we detected a login from a new device. If this wasn't you, reset your password immediately.",high,notify_human,account suspended,dear user we detected a login from a new device if this wasn t you reset your password immediately,account suspended dear user we detected a login from a new device if this wasn t you reset your password immediately,notify_human
10,boss@company.com,Monthly Report,Your invoice of INR 32944.21 is due on 2025-12-24. Please pay to avoid late fees.,low,respond,monthly report,your invoice of inr 32944 21 is due on 2025 12 24 please pay to avoid late fees,monthly report your invoice of inr 32944 21 is due on 2025 12 24 please pay to avoid late fees,respond_or_act
11,support@cloud.com,Survey,Reminder: The client meeting is scheduled at 15:30 tomorrow. Prepare your slides.,high,respond,survey,reminder the client meeting is scheduled at 15 30 tomorrow prepare your slides,survey reminder the client meeting is scheduled at 15 30 tomorrow prepare your slides,notify_human
12,news@techblog.com,Policy Update,Your order #3621 has been shipped and is expected to deliver by 2025-12-13.,medium,respond,policy update,your order 3621 has been shipped and is expected to deliver by 2025 12 13,policy update your order 3621 has been shipped and is expected to deliver by 2025 12 13,respond_or_act
13,teamlead@company.com,Subscription Renewal,"Hello team, please find the attached weekly report and action items for the project.",medium,respond,subscription renewal,hello team please find the attached weekly report and action items for the project,subscription renewal hello team please find the attached weekly report and action items for the project,notify_human
14,alerts@bank.com,Survey,Reminder: The client meeting is scheduled at 10:30 tomorrow. Prepare your slides.,low,respond,survey,reminder the client meeting is scheduled at 10 30 tomorrow prepare your slides,survey reminder the client meeting is scheduled at 10 30 tomorrow prepare your slides,notify_human
15,security@bank.com,Security Alert,Please complete the mandatory training module before the deadline.,medium,notify_human,security alert,please complete the mandatory training module before the deadline,security alert please complete the mandatory training module before the deadline,notify_human
16,news@techblog.com,Payment Overdue,"Hi, don't miss our sale with discounts up to 70% on selected items. Click to know more.",low,notify_human,payment overdue,hi don t miss our sale with discounts up to 70 on selected items click to know more,payment overdue hi don t miss our sale with discounts up to 70 on selected items click to know more,ignore
17,alerts@bank.com,Payment Overdue,Reminder: The client meeting is scheduled at 10:00 tomorrow. Prepare your slides.,medium,notify_human,payment overdue,reminder the client meeting is scheduled at 10 00 tomorrow prepare your slides,payment overdue reminder the client meeting is scheduled at 10 00 tomorrow prepare your slides,notify_human
18,support@cloud.com,Meeting Agenda,"Hi, don't miss our sale with discounts up to 70% on selected items. Click to know more.",medium,ignore,meeting agenda,hi don t miss our sale with discounts up to 70 on selected items click to know more,meeting agenda hi don t miss our sale with discounts up to 70 on selected items click to know more,ignore
19,teamlead@company.com,Congratulations! You've Won,Please complete the mandatory training module before the deadline.,high,respond,congratulations you ve won,please complete the mandatory training module before the deadline,congratulations you ve won please complete the mandatory training module before the deadline,notify_human
20,hr@company.com,Welcome to Service,Please complete the mandatory training module before the deadline.,low,respond,welcome to service,please complete the mandatory training module before the deadline,welcome to service please complete the mandatory training module before the deadline,notify_human
21,support@cloud.com,Account Suspended,Notice: Your account will be locked unless verification is completed.,high,notify_human,account suspended,notice your account will be locked unless verification is completed,account suspended notice your account will be locked unless verification is completed,notify_human
22,hr@company.com,Weekly Newsletter,Please complete the mandatory training module before the deadline.,low,ignore,weekly newsletter,please complete the mandatory training module before the deadline,weekly newsletter please complete the mandatory training module before the deadline,notify_human
23,boss@company.com,Promotion: Big Sale,Your order #2545 has been shipped and is expected to deliver by 2025-12-27.,low,ignore,promotion big sale,your order 2545 has been shipped and is expected to deliver by 2025 12 27,promotion big sale your order 2545 has been shipped and is expected to deliver by 2025 12 27,ignore
24,teamlead@company.com,Payment Overdue,Security alert: multiple failed login attempts were recorded on your account.,low,notify_human,payment overdue,security alert multiple failed login attempts were recorded on your account,payment overdue security alert multiple failed login attempts were recorded on your account,notify_human
25,hr@company.com,Invoice Due,Your invoice of INR 9983.71 is due on 2025-12-29. Please pay to avoid late fees.,low,respond,invoice due,your invoice of inr 9983 71 is due on 2025 12 29 please pay to avoid late fees,invoice due your invoice of inr 9983 71 is due on 2025 12 29 please pay to avoid late fees,respond_or_act
26,no-reply@service.com,Account Suspended,"Hello team, please find the attached weekly report and action items for the project.",medium,notify_human,account suspended,hello team please find the attached weekly report and action items for the project,account suspended hello team please find the attached weekly report and action items for the project,notify_human
27,support@cloud.com,Password Reset Request,"Hello team, please find the attached weekly report and action items for the project.",low,notify_human,password reset request,hello team please find the attached weekly report and action items for the project,password reset request hello team please find the attached weekly report and action items for the project,respond_or_act
28,sales@shop.com,Event Invitation,"Dear user, we detected a login from a new device. If this wasn't you, reset your password immediately.",low,notify_human,event invitation,dear user we detected a login from a new device if this wasn t you reset your password immediately,event invitation dear user we detected a login from a new device if this wasn t you reset your password immediately,notify_human
29,support@cloud.com,Action Required,"Hi, don't miss our sale with discounts up to 70% on selected items. Click to know more.",low,ignore,action required,hi don t miss our sale with discounts up to 70 on selected items click to know more,action required hi don t miss our sale with discounts up to 70 on selected items click to know more,ignore
30,boss@company.com,Action Required,Please complete the mandatory training module before the deadline.,low,respond,action required,please complete the mandatory training module before the deadline,action required please complete the mandatory training module before the deadline,notify_human
31,news@techblog.com,Weekly Newsletter,Notice: Your account will be locked unless verification is completed.,high,notify_human,weekly newsletter,notice your account will be locked unless verification is completed,weekly newsletter notice your account will be locked unless verification is completed,notify_human
32,boss@company.com,Account Suspended,Notice: Your account will be locked unless verification is completed.,low,notify_human,account suspended,notice your account will be locked unless verification is completed,account suspended notice your account will be locked unless verification is completed,notify_human
33,orders@ecom.com,Congratulations! You've Won,Congratulations! You have been selected as a lucky winner. Claim your prize now by clicking the link.,low,ignore,congratulations you ve won,congratulations you have been selected as a lucky winner claim your prize now by clicking the link,congratulations you ve won congratulations you have been selected as a lucky winner claim your prize now by clicking the link,ignore
34,alerts@bank.com,Password Reset Request,Your order #9808 has been shipped and is expected to deliver by 2025-12-30.,low,notify_human,password reset request,your order 9808 has been shipped and is expected to deliver by 2025 12 30,password reset request your order 9808 has been shipped and is expected to deliver by 2025 12 30,respond_or_act
35,orders@ecom.com,Meeting Agenda,Congratulations! You have been selected as a lucky winner. Claim your prize now by clicking the link.,low,ignore,meeting agenda,congratulations you have been selected as a lucky winner claim your prize now by clicking the link,meeting agenda congratulations you have been selected as a lucky winner claim your prize now by clicking the link,ignore
36,support@cloud.com,Order Shipped,Notice: Your account will be locked unless verification is completed.,high,notify_human,order shipped,notice your account will be locked unless verification is completed,order shipped notice your account will be locked unless verification is completed,notify_human
37,alerts@bank.com,Meeting Agenda,Reminder: The client meeting is scheduled at 17:00 tomorrow. Prepare your slides.,low,respond,meeting agenda,reminder the client meeting is scheduled at 17 00 tomorrow prepare your slides,meeting agenda reminder the client meeting is scheduled at 17 00 tomorrow prepare your slides,notify_human
38,sales@shop.com,Monthly Report,Your invoice of INR 34531.11 is due on 2026-01-08. Please pay to avoid late fees.,high,respond,monthly report,your invoice of inr 34531 11 is due on 2026 01 08 please pay to avoid late fees,monthly report your invoice of inr 34531 11 is due on 2026 01 08 please pay to avoid late fees,respond_or_act
39,security@bank.com,Weekly Newsletter,Security alert: multiple failed login attempts were recorded on your account.,medium,notify_human,weekly newsletter,security alert multiple failed login attempts were recorded on your account,weekly newsletter security alert multiple failed login attempts were recorded on your account,notify_human
40,orders@ecom.com,Project Update,Your order #2832 has been shipped and is expected to deliver by 2025-12-25.,low,respond,project update,your order 2832 has been shipped and is expected to deliver by 2025 12 25,project update your order 2832 has been shipped and is expected to deliver by 2025 12 25,respond_or_act
41,news@techblog.com,Survey,"Dear user, we detected a login from a new device. If this wasn't you, reset your password immediately.",low,notify_human,survey,dear user we detected a login from a new device if this wasn t you reset your password immediately,survey dear user we detected a login from a new device if this wasn t you reset your password immediately,notify_human
42,orders@ecom.com,Payment Overdue,"Dear user, we detected a login from a new device. If this wasn't you, reset your password immediately.",medium,notify_human,payment overdue,dear user we detected a login from a new device if this wasn t you reset your password immediately,payment overdue dear user we detected a login from a new device if this wasn t you reset your password immediately,notify_human
43,teamlead@company.com,Subscription Renewal,"Hi, don't miss our sale with discounts up to 70% on selected items. Click to know more.",low,ignore,subscription renewal,hi don t miss our sale with discounts up to 70 on selected items click to know more,subscription renewal hi don t miss our sale with discounts up to 70 on selected items click to know more,ignore
44,hr@company.com,System Maintenance,Your invoice of INR 13706.88 is due on 2026-01-06. Please pay to avoid late fees.,medium,respond,system maintenance,your invoice of inr 13706 88 is due on 2026 01 06 please pay to avoid late fees,system maintenance your invoice of inr 13706 88 is due on 2026 01 06 please pay to avoid late fees,respond_or_act
45,sales@shop.com,Congratulations! You've Won,Your order #1387 has been shipped and is expected to deliver by 2026-01-07.,medium,respond,congratulations you ve won,your order 1387 has been shipped and is expected to deliver by 2026 01 07,congratulations you ve won your order 1387 has been shipped and is expected to deliver by 2026 01 07,notify_human
46,teamlead@company.com,Monthly Report,Reminder: The client meeting is scheduled at 13:30 tomorrow. Prepare your slides.,low,respond,monthly report,reminder the client meeting is scheduled at 13 30 tomorrow prepare your slides,monthly report reminder the client meeting is scheduled at 13 30 tomorrow prepare your slides,notify_human
47,support@cloud.com,Monthly Report,"Dear user, we detected a login from a new device. If this wasn't you, reset your password immediately.",low,notify_human,monthly report,dear user we detected a login from a new device if this wasn t you reset your password immediately,monthly report dear user we detected a login from a new device if this wasn t you reset your password immediately,notify_human
48,teamlead@company.com,Payment Overdue,Congratulations! You have been selected as a lucky winner. Claim your prize now by clicking the link.,low,notify_human,payment overdue,congratulations you have been selected as a lucky winner claim your prize now by clicking the link,payment overdue congratulations you have been selected as a lucky winner claim your prize now by clicking the link,ignore
49,teamlead@company.com,Password Reset Request,Please complete the mandatory training module before the deadline.,low,notify_human,password reset request,please complete the mandatory training module before the deadline,password reset request please complete the mandatory training module before the deadline,respond_or_act
50,hr@company.com,Subscription Renewal,Congratulations! You have been selected as a lucky winner. Claim your prize now by clicking the link.,low,ignore,subscription renewal,congratulations you have been selected as a lucky winner claim your prize now by clicking the link,subscription renewal congratulations you have been selected as a lucky winner claim your prize now by clicking the link,ignore
51,orders@ecom.com,Survey,"Hi, don't miss our sale with discounts up to 70% on selected items. Click to know more.",low,ignore,survey,hi don t miss our sale with discounts up to 70 on selected items click to know more,survey hi don t miss our sale with discounts up to 70 on selected items click to know more,ignore
52,security@bank.com,Order Shipped,Reminder: The client meeting is scheduled at 14:30 tomorrow. Prepare your slides.,low,respond,order shipped,reminder the client meeting is scheduled at 14 30 tomorrow prepare your slides,order shipped reminder the client meeting is scheduled at 14 30 tomorrow prepare your slides,notify_human
53,sales@shop.com,Policy Update,Your order #5649 has been shipped and is expected to deliver by 2026-01-06.,low,respond,policy update,your order 5649 has been shipped and is expected to deliver by 2026 01 06,policy update your order 5649 has been shipped and is expected to deliver by 2026 01 06,respond_or_act
54,boss@company.com,Monthly Report,"Hello team, please find the attached weekly report and action items for the project.",medium,respond,monthly report,hello team please find the attached weekly report and action items for the project,monthly report hello team please find the attached weekly report and action items for the project,notify_human
55,news@techblog.com,Password Reset Request,"Dear user, we detected a login from a new device. If this wasn't you, reset your password immediately.",medium,notify_human,password reset request,dear user we detected a login from a new device if this wasn t you reset your password immediately,password reset request dear user we detected a login from a new device if this wasn t you reset your password immediately,respond_or_act
56,boss@company.com,Congratulations! You've Won,Security alert: multiple failed login attempts were recorded on your account.,medium,notify_human,congratulations you ve won,security alert multiple failed login attempts were recorded on your account,congratulations you ve won security alert multiple failed login attempts were recorded on your account,notify_human
57,sales@shop.com,Project Update,Please complete the mandatory training module before the deadline.,low,respond,project update,please complete the mandatory training module before the deadline,project update please complete the mandatory training module before the deadline,respond_or_act
58,no-reply@service.com,Policy Update,Please complete the mandatory training module before the deadline.,low,respond,policy update,please complete the mandatory training module before the deadline,policy update please complete the mandatory training module before the deadline,respond_or_act
59,news@techblog.com,Action Required,Your order #4919 has been shipped and is expected to deliver by 2025-12-19.,low,respond,action required,your order 4919 has been shipped and is expected to deliver by 2025 12 19,action required your order 4919 has been shipped and is expected to deliver by 2025 12 19,notify_human
60,alerts@bank.com,Order Shipped,Your invoice of INR 13949.9 is due on 2025-12-22. Please pay to avoid late fees.,low,respond,order shipped,your invoice of inr 13949 9 is due on 2025 12 22 please pay to avoid late fees,order shipped your invoice of inr 13949 9 is due on 2025 12 22 please pay to avoid late fees,respond_or_act
61,teamlead@company.com,Meeting Agenda,Your invoice of INR 3679.33 is due on 2025-12-25. Please pay to avoid late fees.,low,respond,meeting agenda,your invoice of inr 3679 33 is due on 2025 12 25 please pay to avoid late fees,meeting agenda your invoice of inr 3679 33 is due on 2025 12 25 please pay to avoid late fees,respond_or_act
62,teamlead@company.com,Event Invitation,Notice: Your account will be locked unless verification is completed.,high,notify_human,event invitation,notice your account will be locked unless verification is completed,event invitation notice your account will be locked unless verification is completed,notify_human
63,orders@ecom.com,Event Invitation,Security alert: multiple failed login attempts were recorded on your account.,low,notify_human,event invitation,security alert multiple failed login attempts were recorded on your account,event invitation security alert multiple failed login attempts were recorded on your account,notify_human
64,teamlead@company.com,Action Required,"Dear user, we detected a login from a new device. If this wasn't you, reset your password immediately.",high,notify_human,action required,dear user we detected a login from a new device if this wasn t you reset your password immediately,action required dear user we detected a login from a new device if this wasn t you reset your password immediately,notify_human
65,boss@company.com,Survey,"Dear user, we detected a login from a new device. If this wasn't you, reset your password immediately.",low,notify_human,survey,dear user we detected a login from a new device if this wasn t you reset your password immediately,survey dear user we detected a login from a new device if this wasn t you reset your password immediately,notify_human
66,no-reply@service.com,Project Update,"Dear user, we detected a login from a new device. If this wasn't you, reset your password immediately.",low,notify_human,project update,dear user we detected a login from a new device if this wasn t you reset your password immediately,project update dear user we detected a login from a new device if this wasn t you reset your password immediately,respond_or_act
67,teamlead@company.com,Security Alert,Security alert: multiple failed login attempts were recorded on your account.,low,notify_human,security alert,security alert multiple failed login attempts were recorded on your account,security alert security alert multiple failed login attempts were recorded on your account,notify_human
68,hr@company.com,Account Suspended,"Hello team, please find the attached weekly report and action items for the project.",low,notify_human,account suspended,hello team please find the attached weekly report and action items for the project,account suspended hello team please find the attached weekly report and action items for the project,notify_human
69,security@bank.com,Subscription Renewal,"Hi, don't miss our sale with discounts up to 70% on selected items. Click to know more.",medium,ignore,subscription renewal,hi don t miss our sale with discounts up to 70 on selected items click to know more,subscription renewal hi don t miss our sale with discounts up to 70 on selected items click to know more,ignore
70,hr@company.com,Project Update,Notice: Your account will be locked unless verification is completed.,low,notify_human,project update,notice your account will be locked unless verification is completed,project update notice your account will be locked unless verification is completed,respond_or_act
71,security@bank.com,Order Shipped,Notice: Your account will be locked unless verification is completed.,low,notify_human,order shipped,notice your account will be locked unless verification is completed,order shipped notice your account will be locked unless verification is completed,notify_human
72,sales@shop.com,Invoice Due,Reminder: The client meeting is scheduled at 10:00 tomorrow. Prepare your slides.,low,respond,invoice due,reminder the client meeting is scheduled at 10 00 tomorrow prepare your slides,invoice due reminder the client meeting is scheduled at 10 00 tomorrow prepare your slides,respond_or_act
73,hr@company.com,Weekly Newsletter,Please complete the mandatory training module before the deadline.,low,ignore,weekly newsletter,please complete the mandatory training module before the deadline,weekly newsletter please complete the mandatory training module before the deadline,notify_human
74,hr@company.com,Welcome to Service,"Hi, don't miss our sale with discounts up to 70% on selected items. Click to know more.",medium,ignore,welcome to service,hi don t miss our sale with discounts up to 70 on selected items click to know more,welcome to service hi don t miss our sale with discounts up to 70 on selected items click to know more,ignore
75,no-reply@service.com,System Maintenance,Notice: Your account will be locked unless verification is completed.,medium,notify_human,system maintenance,notice your account will be locked unless verification is completed,system maintenance notice your account will be locked unless verification is completed,notify_human
76,sales@shop.com,Welcome to Service,Notice: Your account will be locked unless verification is completed.,medium,notify_human,welcome to service,notice your account will be locked unless verification is completed,welcome to service notice your account will be locked unless verification is completed,notify_human
77,news@techblog.com,Action Required,Your invoice of INR 18063.84 is due on 2025-12-20. Please pay to avoid late fees.,low,respond,action required,your invoice of inr 18063 84 is due on 2025 12 20 please pay to avoid late fees,action required your invoice of inr 18063 84 is due on 2025 12 20 please pay to avoid late fees,respond_or_act
78,support@cloud.com,Congratulations! You've Won,"Hello team, please find the attached weekly report and action items for the project.",medium,respond,congratulations you ve won,hello team please find the attached weekly report and action items for the project,congratulations you ve won hello team please find the attached weekly report and action items for the project,notify_human
79,no-reply@service.com,Welcome to Service,"Dear user, we detected a login from a new device. If this wasn't you, reset your password immediately.",medium,notify_human,welcome to service,dear user we detected a login from a new device if this wasn t you reset your password immediately,welcome to service dear user we detected a login from a new device if this wasn t you reset your password immediately,notify_human
80,hr@company.com,Action Required,Please complete the mandatory training module before the deadline.,medium,respond,action required,please complete the mandatory training module before the deadline,action required please complete the mandatory training module before the deadline,notify_human
81,orders@ecom.com,Order Shipped,Reminder: The client meeting is scheduled at 12:30 tomorrow. Prepare your slides.,medium,respond,order shipped,reminder the client meeting is scheduled at 12 30 tomorrow prepare your slides,order shipped reminder the client meeting is scheduled at 12 30 tomorrow prepare your slides,notify_human
82,news@techblog.com,Congratulations! You've Won,Your invoice of INR 37060.93 is due on 2025-12-20. Please pay to avoid late fees.,medium,respond,congratulations you ve won,your invoice of inr 37060 93 is due on 2025 12 20 please pay to avoid late fees,congratulations you ve won your invoice of inr 37060 93 is due on 2025 12 20 please pay to avoid late fees,respond_or_act
83,orders@ecom.com,Account Suspended,Congratulations! You have been selected as a lucky winner. Claim your prize now by clicking the link.,low,notify_human,account suspended,congratulations you have been selected as a lucky winner claim your prize now by clicking the link,account suspended congratulations you have been selected as a lucky winner claim your prize now by clicking the link,ignore
84,security@bank.com,Survey,Reminder: The client meeting is scheduled at 16:00 tomorrow. Prepare your slides.,low,respond,survey,reminder the client meeting is scheduled at 16 00 tomorrow prepare your slides,survey reminder the client meeting is scheduled at 16 00 tomorrow prepare your slides,notify_human
85,no-reply@service.com,Action Required,Your order #2869 has been shipped and is expected to deliver by 2025-12-13.,medium,respond,action required,your order 2869 has been shipped and is expected to deliver by 2025 12 13,action required your order 2869 has been shipped and is expected to deliver by 2025 12 13,notify_human
86,teamlead@company.com,Action Required,"Hello team, please find the attached weekly report and action items for the project.",medium,respond,action required,hello team please find the attached weekly report and action items for the project,action required hello team please find the attached weekly report and action items for the project,notify_human
87,orders@ecom.com,Weekly Newsletter,Your invoice of INR 6363.35 is due on 2026-01-05. Please pay to avoid late fees.,low,ignore,weekly newsletter,your invoice of inr 6363 35 is due on 2026 01 05 please pay to avoid late fees,weekly newsletter your invoice of inr 6363 35 is due on 2026 01 05 please pay to avoid late fees,respond_or_act
88,no-reply@service.com,Order Shipped,Notice: Your account will be locked unless verification is completed.,medium,notify_human,order shipped,notice your account will be locked unless verification is completed,order shipped notice your account will be locked unless verification is completed,notify_human
89,orders@ecom.com,Weekly Newsletter,"Hi, don't miss our sale with discounts up to 70% on selected items. Click to know more.",low,ignore,weekly newsletter,hi don t miss our sale with discounts up to 70 on selected items click to know more,weekly newsletter hi don t miss our sale with discounts up to 70 on selected items click to know more,ignore
90,boss@company.com,Action Required,Reminder: The client meeting is scheduled at 13:30 tomorrow. Prepare your slides.,medium,respond,action required,reminder the client meeting is scheduled at 13 30 tomorrow prepare your slides,action required reminder the client meeting is scheduled at 13 30 tomorrow prepare your slides,notify_human
91,orders@ecom.com,Promotion: Big Sale,Your invoice of INR 21544.38 is due on 2025-12-29. Please pay to avoid late fees.,medium,ignore,promotion big sale,your invoice of inr 21544 38 is due on 2025 12 29 please pay to avoid late fees,promotion big sale your invoice of inr 21544 38 is due on 2025 12 29 please pay to avoid late fees,ignore
92,alerts@bank.com,Unusual Login Attempt,"Hi, don't miss our sale with discounts up to 70% on selected items. Click to know more.",low,notify_human,unusual login attempt,hi don t miss our sale with discounts up to 70 on selected items click to know more,unusual login attempt hi don t miss our sale with discounts up to 70 on selected items click to know more,ignore
93,orders@ecom.com,Event Invitation,Reminder: The client meeting is scheduled at 16:00 tomorrow. Prepare your slides.,medium,respond,event invitation,reminder the client meeting is scheduled at 16 00 tomorrow prepare your slides,event invitation reminder the client meeting is scheduled at 16 00 tomorrow prepare your slides,notify_human
94,hr@company.com,Subscription Renewal,Reminder: The client meeting is scheduled at 9:30 tomorrow. Prepare your slides.,medium,respond,subscription renewal,reminder the client meeting is scheduled at 9 30 tomorrow prepare your slides,subscription renewal reminder the client meeting is scheduled at 9 30 tomorrow prepare your slides,notify_human
95,news@techblog.com,Action Required,Please complete the mandatory training module before the deadline.,medium,respond,action required,please complete the mandatory training module before the deadline,action required please complete the mandatory training module before the deadline,notify_human
96,no-reply@service.com,Weekly Newsletter,Your order #3634 has been shipped and is expected to deliver by 2025-12-22.,low,ignore,weekly newsletter,your order 3634 has been shipped and is expected to deliver by 2025 12 22,weekly newsletter your order 3634 has been shipped and is expected to deliver by 2025 12 22,notify_human
97,no-reply@service.com,Order Shipped,Security alert: multiple failed login attempts were recorded on your account.,low,notify_human,order shipped,security alert multiple failed login attempts were recorded on your account,order shipped security alert multiple failed login attempts were recorded on your account,notify_human
98,hr@company.com,Invoice Due,Security alert: multiple failed login attempts were recorded on your account.,low,notify_human,invoice due,security alert multiple failed login attempts were recorded on your account,invoice due security alert multiple failed login attempts were recorded on your account,respond_or_act
99,support@cloud.com,Payment Overdue,Notice: Your account will be locked unless verification is completed.,low,notify_human,payment overdue,notice your account will be locked unless verification is completed,payment overdue notice your account will be locked unless verification is completed,notify_human
100,news@techblog.com,Order Shipped,Your order #4920 has been shipped and is expected to deliver by 2025-12-27.,medium,respond,order shipped,your order 4920 has been shipped and is expected to deliver by 2025 12 27,order shipped your order 4920 has been shipped and is expected to deliver by 2025 12 27,notify_human
101,orders@ecom.com,Survey,"Dear user, we detected a login from a new device. If this wasn't you, reset your password immediately.",high,notify_human,survey,dear user we detected a login from a new device if this wasn t you reset your password immediately,survey dear user we detected a login from a new device if this wasn t you reset your password immediately,notify_human
102,news@techblog.com,Action Required,Reminder: The client meeting is scheduled at 15:30 tomorrow. Prepare your slides.,low,respond,action required,reminder the client meeting is scheduled at 15 30 tomorrow prepare your slides,action required reminder the client meeting is scheduled at 15 30 tomorrow prepare your slides,notify_human
103,support@cloud.com,Meeting Agenda,Security alert: multiple failed login attempts were recorded on your account.,low,notify_human,meeting agenda,security alert multiple failed login attempts were recorded on your account,meeting agenda security alert multiple failed login attempts were recorded on your account,notify_human
104,teamlead@company.com,Monthly Report,Please complete the mandatory training module before the deadline.,medium,respond,monthly report,please complete the mandatory training module before the deadline,monthly report please complete the mandatory training module before the deadline,notify_human
105,no-reply@service.com,Survey,Your order #8460 has been shipped and is expected to deliver by 2025-12-29.,high,respond,survey,your order 8460 has been shipped and is expected to deliver by 2025 12 29,survey your order 8460 has been shipped and is expected to deliver by 2025 12 29,notify_human
106,sales@shop.com,Account Suspended,Notice: Your account will be locked unless verification is completed.,medium,notify_human,account suspended,notice your account will be locked unless verification is completed,account suspended notice your account will be locked unless verification is completed,notify_human
107,teamlead@company.com,Event Invitation,"Hi, don't miss our sale with discounts up to 70% on selected items. Click to know more.",medium,ignore,event invitation,hi don t miss our sale with discounts up to 70 on selected items click to know more,event invitation hi don t miss our sale with discounts up to 70 on selected items click to know more,ignore
108,no-reply@service.com,Invoice Due,Please complete the mandatory training module before the deadline.,low,respond,invoice due,please complete the mandatory training module before the deadline,invoice due please complete the mandatory training module before the deadline,respond_or_act
109,orders@ecom.com,Monthly Report,Notice: Your account will be locked unless verification is completed.,low,notify_human,monthly report,notice your account will be locked unless verification is completed,monthly report notice your account will be locked unless verification is completed,notify_human
110,hr@company.com,Action Required,Please complete the mandatory training module before the deadline.,medium,respond,action required,please complete the mandatory training module before the deadline,action required please complete the mandatory training module before the deadline,notify_human
111,teamlead@company.com,Invoice Due,"Hello team, please find the attached weekly report and action items for the project.",low,respond,invoice due,hello team please find the attached weekly report and action items for the project,invoice due hello team please find the attached weekly report and action items for the project,respond_or_act
112,security@bank.com,Order Shipped,Congratulations! You have been selected as a lucky winner. Claim your prize now by clicking the link.,low,ignore,order shipped,congratulations you have been selected as a lucky winner claim your prize now by clicking the link,order shipped congratulations you have been selected as a lucky winner claim your prize now by clicking the link,ignore
113,alerts@bank.com,Subscription Renewal,Security alert: multiple failed login attempts were recorded on your account.,low,notify_human,subscription renewal,security alert multiple failed login attempts were recorded on your account,subscription renewal security alert multiple failed login attempts were recorded on your account,notify_human
114,orders@ecom.com,Welcome to Service,Reminder: The client meeting is scheduled at 16:30 tomorrow. Prepare your slides.,low,respond,welcome to service,reminder the client meeting is scheduled at 16 30 tomorrow prepare your slides,welcome to service reminder the client meeting is scheduled at 16 30 tomorrow prepare your slides,notify_human
115,no-reply@service.com,Payment Overdue,Notice: Your account will be locked unless verification is completed.,low,notify_human,payment overdue,notice your account will be locked unless verification is completed,payment overdue notice your account will be locked unless verification is completed,notify_human
116,teamlead@company.com,Action Required,"Hello team, please find the attached weekly report and action items for the project.",low,respond,action required,hello team please find the attached weekly report and action items for the project,action required hello team please find the attached weekly report and action items for the project,notify_human
117,teamlead@company.com,Security Alert,"Dear user, we detected a login from a new device. If this wasn't you, reset your password immediately.",medium,notify_human,security alert,dear user we detected a login from a new device if this wasn t you reset your password immediately,security alert dear user we detected a login from a new device if this wasn t you reset your password immediately,notify_human
118,sales@shop.com,Subscription Renewal,Congratulations! You have been selected as a lucky winner. Claim your prize now by clicking the link.,high,ignore,subscription renewal,congratulations you have been selected as a lucky winner claim your prize now by clicking the link,subscription renewal congratulations you have been selected as a lucky winner claim your prize now by clicking the link,ignore
119,security@bank.com,Order Shipped,Your order #5835 has been shipped and is expected to deliver by 2025-12-23.,low,respond,order shipped,your order 5835 has been shipped and is expected to deliver by 2025 12 23,order shipped your order 5835 has been shipped and is expected to deliver by 2025 12 23,notify_human
120,teamlead@company.com,Project Update,Your invoice of INR 7041.91 is due on 2025-12-29. Please pay to avoid late fees.,low,respond,project update,your invoice of inr 7041 91 is due on 2025 12 29 please pay to avoid late fees,project update your invoice of inr 7041 91 is due on 2025 12 29 please pay to avoid late fees,respond_or_act
121,no-reply@service.com,Order Shipped,Congratulations! You have been selected as a lucky winner. Claim your prize now by clicking the link.,medium,ignore,order shipped,congratulations you have been selected as a lucky winner claim your prize now by clicking the link,order shipped congratulations you have been selected as a lucky winner claim your prize now by clicking the link,ignore
122,teamlead@company.com,Survey,Congratulations! You have been selected as a lucky winner. Claim your prize now by clicking the link.,low,ignore,survey,congratulations you have been selected as a lucky winner claim your prize now by clicking the link,survey congratulations you have been selected as a lucky winner claim your prize now by clicking the link,ignore
123,hr@company.com,Security Alert,Notice: Your account will be locked unless verification is completed.,low,notify_human,security alert,notice your account will be locked unless verification is completed,security alert notice your account will be locked unless verification is completed,notify_human
124,boss@company.com,Survey,Congratulations! You have been selected as a lucky winner. Claim your prize now by clicking the link.,medium,ignore,survey,congratulations you have been selected as a lucky winner claim your prize now by clicking the link,survey congratulations you have been selected as a lucky winner claim your prize now by clicking the link,ignore
125,alerts@bank.com,Meeting Agenda,"Dear user, we detected a login from a new device. If this wasn't you, reset your password immediately.",low,notify_human,meeting agenda,dear user we detected a login from a new device if this wasn t you reset your password immediately,meeting agenda dear user we detected a login from a new device if this wasn t you reset your password immediately,notify_human
126,support@cloud.com,Meeting Agenda,Security alert: multiple failed login attempts were recorded on your account.,medium,notify_human,meeting agenda,security alert multiple failed login attempts were recorded on your account,meeting agenda security alert multiple failed login attempts were recorded on your account,notify_human
127,alerts@bank.com,Action Required,Notice: Your account will be locked unless verification is completed.,low,notify_human,action required,notice your account will be locked unless verification is completed,action required notice your account will be locked unless verification is completed,notify_human
128,sales@shop.com,Payment Overdue,"Hello team, please find the attached weekly report and action items for the project.",low,notify_human,payment overdue,hello team please find the attached weekly report and action items for the project,payment overdue hello team please find the attached weekly report and action items for the project,notify_human
129,sales@shop.com,Invoice Due,Your order #6464 has been shipped and is expected to deliver by 2025-12-18.,low,respond,invoice due,your order 6464 has been shipped and is expected to deliver by 2025 12 18,invoice due your order 6464 has been shipped and is expected to deliver by 2025 12 18,respond_or_act
130,news@techblog.com,Promotion: Big Sale,Your invoice of INR 3896.2 is due on 2026-01-05. Please pay to avoid late fees.,medium,ignore,promotion big sale,your invoice of inr 3896 2 is due on 2026 01 05 please pay to avoid late fees,promotion big sale your invoice of inr 3896 2 is due on 2026 01 05 please pay to avoid late fees,ignore
131,sales@shop.com,Monthly Report,"Hi, don't miss our sale with discounts up to 70% on selected items. Click to know more.",high,ignore,monthly report,hi don t miss our sale with discounts up to 70 on selected items click to know more,monthly report hi don t miss our sale with discounts up to 70 on selected items click to know more,ignore
132,support@cloud.com,Security Alert,"Hi, don't miss our sale with discounts up to 70% on selected items. Click to know more.",low,notify_human,security alert,hi don t miss our sale with discounts up to 70 on selected items click to know more,security alert hi don t miss our sale with discounts up to 70 on selected items click to know more,ignore
133,sales@shop.com,Promotion: Big Sale,Congratulations! You have been selected as a lucky winner. Claim your prize now by clicking the link.,low,ignore,promotion big sale,congratulations you have been selected as a lucky winner claim your prize now by clicking the link,promotion big sale congratulations you have been selected as a lucky winner claim your prize now by clicking the link,ignore
134,alerts@bank.com,Action Required,Your order #9254 has been shipped and is expected to deliver by 2025-12-28.,low,respond,action required,your order 9254 has been shipped and is expected to deliver by 2025 12 28,action required your order 9254 has been shipped and is expected to deliver by 2025 12 28,notify_human
135,boss@company.com,Unusual Login Attempt,Please complete the mandatory training module before the deadline.,medium,notify_human,unusual login attempt,please complete the mandatory training module before the deadline,unusual login attempt please complete the mandatory training module before the deadline,notify_human
136,teamlead@company.com,Invoice Due,Your order #6277 has been shipped and is expected to deliver by 2025-12-26.,medium,respond,invoice due,your order 6277 has been shipped and is expected to deliver by 2025 12 26,invoice due your order 6277 has been shipped and is expected to deliver by 2025 12 26,respond_or_act
137,alerts@bank.com,Meeting Agenda,Reminder: The client meeting is scheduled at 17:30 tomorrow. Prepare your slides.,high,respond,meeting agenda,reminder the client meeting is scheduled at 17 30 tomorrow prepare your slides,meeting agenda reminder the client meeting is scheduled at 17 30 tomorrow prepare your slides,notify_human
138,support@cloud.com,Order Shipped,Your order #4522 has been shipped and is expected to deliver by 2025-12-25.,low,respond,order shipped,your order 4522 has been shipped and is expected to deliver by 2025 12 25,order shipped your order 4522 has been shipped and is expected to deliver by 2025 12 25,notify_human
139,sales@shop.com,System Maintenance,Congratulations! You have been selected as a lucky winner. Claim your prize now by clicking the link.,low,ignore,system maintenance,congratulations you have been selected as a lucky winner claim your prize now by clicking the link,system maintenance congratulations you have been selected as a lucky winner claim your prize now by clicking the link,ignore
140,orders@ecom.com,Payment Overdue,"Hi, don't miss our sale with discounts up to 70% on selected items. Click to know more.",low,notify_human,payment overdue,hi don t miss our sale with discounts up to 70 on selected items click to know more,payment overdue hi don t miss our sale with discounts up to 70 on selected items click to know more,ignore
141,alerts@bank.com,Payment Overdue,"Hi, don't miss our sale with discounts up to 70% on selected items. Click to know more.",low,notify_human,payment overdue,hi don t miss our sale with discounts up to 70 on selected items click to know more,payment overdue hi don t miss our sale with discounts up to 70 on selected items click to know more,ignore
142,teamlead@company.com,Unusual Login Attempt,Reminder: The client meeting is scheduled at 10:00 tomorrow. Prepare your slides.,medium,notify_human,unusual login attempt,reminder the client meeting is scheduled at 10 00 tomorrow prepare your slides,unusual login attempt reminder the client meeting is scheduled at 10 00 tomorrow prepare your slides,notify_human
143,sales@shop.com,Invoice Due,Congratulations! You have been selected as a lucky winner. Claim your prize now by clicking the link.,medium,ignore,invoice due,congratulations you have been selected as a lucky winner claim your prize now by clicking the link,invoice due congratulations you have been selected as a lucky winner claim your prize now by clicking the link,ignore
144,support@cloud.com,Subscription Renewal,Notice: Your account will be locked unless verification is completed.,low,notify_human,subscription renewal,notice your account will be locked unless verification is completed,subscription renewal notice your account will be locked unless verification is completed,notify_human
145,orders@ecom.com,Monthly Report,Congratulations! You have been selected as a lucky winner. Claim your prize now by clicking the link.,low,ignore,monthly report,congratulations you have been selected as a lucky winner claim your prize now by clicking the link,monthly report congratulations you have been selected as a lucky winner claim your prize now by clicking the link,ignore
146,security@bank.com,Weekly Newsletter,Please complete the mandatory training module before the deadline.,low,ignore,weekly newsletter,please complete the mandatory training module before the deadline,weekly newsletter please complete the mandatory training module before the deadline,notify_human
147,hr@company.com,Promotion: Big Sale,Notice: Your account will be locked unless verification is completed.,medium,notify_human,promotion big sale,notice your account will be locked unless verification is completed,promotion big sale notice your account will be locked unless verification is completed,ignore
148,orders@ecom.com,Welcome to Service,Security alert: multiple failed login attempts were recorded on your account.,medium,notify_human,welcome to service,security alert multiple failed login attempts were recorded on your account,welcome to service security alert multiple failed login attempts were recorded on your account,notify_human
149,alerts@bank.com,Payment Overdue,Security alert: multiple failed login attempts were recorded on your account.,low,notify_human,payment overdue,security alert multiple failed login attempts were recorded on your account,payment overdue security alert multiple failed login attempts were recorded on your account,notify_human
150,boss@company.com,Unusual Login Attempt,"Dear user, we detected a login from a new device. If this wasn't you, reset your password immediately.",low,notify_human,unusual login attempt,dear user we detected a login from a new device if this wasn t you reset your password immediately,unusual login attempt dear user we detected a login from a new device if this wasn t you reset your password immediately,notify_human
151,security@bank.com,Action Required,Security alert: multiple failed login attempts were recorded on your account.,low,notify_human,action required,security alert multiple failed login attempts were recorded on your account,action required security alert multiple failed login attempts were recorded on your account,notify_human
152,hr@company.com,Weekly Newsletter,Security alert: multiple failed login attempts were recorded on your account.,high,notify_human,weekly newsletter,security alert multiple failed login attempts were recorded on your account,weekly newsletter security alert multiple failed login attempts were recorded on your account,notify_human
153,hr@company.com,Promotion: Big Sale,Security alert: multiple failed login attempts were recorded on your account.,low,notify_human,promotion big sale,security alert multiple failed login attempts were recorded on your account,promotion big sale security alert multiple failed login attempts were recorded on your account,ignore
154,hr@company.com,Project Update,Notice: Your account will be locked unless verification is completed.,medium,notify_human,project update,notice your account will be locked unless verification is completed,project update notice your account will be locked unless verification is completed,respond_or_act
155,sales@shop.com,System Maintenance,Notice: Your account will be locked unless verification is completed.,low,notify_human,system maintenance,notice your account will be locked unless verification is completed,system maintenance notice your account will be locked unless verification is completed,notify_human
156,news@techblog.com,Weekly Newsletter,Please complete the mandatory training module before the deadline.,low,ignore,weekly newsletter,please complete the mandatory training module before the deadline,weekly newsletter please complete the mandatory training module before the deadline,notify_human
157,news@techblog.com,Account Suspended,"Hello team, please find the attached weekly report and action items for the project.",low,notify_human,account suspended,hello team please find the attached weekly report and action items for the project,account suspended hello team please find the attached weekly report and action items for the project,notify_human
158,no-reply@service.com,Welcome to Service,Notice: Your account will be locked unless verification is completed.,low,notify_human,welcome to service,notice your account will be locked unless verification is completed,welcome to service notice your account will be locked unless verification is completed,notify_human
159,no-reply@service.com,Welcome to Service,Reminder: The client meeting is scheduled at 9:30 tomorrow. Prepare your slides.,low,respond,welcome to service,reminder the client meeting is scheduled at 9 30 tomorrow prepare your slides,welcome to service reminder the client meeting is scheduled at 9 30 tomorrow prepare your slides,notify_human
160,no-reply@service.com,Welcome to Service,"Dear user, we detected a login from a new device. If this wasn't you, reset your password immediately.",medium,notify_human,welcome to service,dear user we detected a login from a new device if this wasn t you reset your password immediately,welcome to service dear user we detected a login from a new device if this wasn t you reset your password immediately,notify_human
161,support@cloud.com,Event Invitation,Your order #4084 has been shipped and is expected to deliver by 2026-01-06.,low,respond,event invitation,your order 4084 has been shipped and is expected to deliver by 2026 01 06,event invitation your order 4084 has been shipped and is expected to deliver by 2026 01 06,notify_human
162,no-reply@service.com,Policy Update,"Hi, don't miss our sale with discounts up to 70% on selected items. Click to know more.",low,ignore,policy update,hi don t miss our sale with discounts up to 70 on selected items click to know more,policy update hi don t miss our sale with discounts up to 70 on selected items click to know more,ignore
163,news@techblog.com,Unusual Login Attempt,Your invoice of INR 35527.27 is due on 2025-12-26. Please pay to avoid late fees.,low,notify_human,unusual login attempt,your invoice of inr 35527 27 is due on 2025 12 26 please pay to avoid late fees,unusual login attempt your invoice of inr 35527 27 is due on 2025 12 26 please pay to avoid late fees,respond_or_act
164,orders@ecom.com,Event Invitation,Security alert: multiple failed login attempts were recorded on your account.,low,notify_human,event invitation,security alert multiple failed login attempts were recorded on your account,event invitation security alert multiple failed login attempts were recorded on your account,notify_human
165,support@cloud.com,Event Invitation,Reminder: The client meeting is scheduled at 11:30 tomorrow. Prepare your slides.,low,respond,event invitation,reminder the client meeting is scheduled at 11 30 tomorrow prepare your slides,event invitation reminder the client meeting is scheduled at 11 30 tomorrow prepare your slides,notify_human
166,news@techblog.com,Payment Overdue,Reminder: The client meeting is scheduled at 15:00 tomorrow. Prepare your slides.,low,notify_human,payment overdue,reminder the client meeting is scheduled at 15 00 tomorrow prepare your slides,payment overdue reminder the client meeting is scheduled at 15 00 tomorrow prepare your slides,notify_human
167,teamlead@company.com,Monthly Report,"Hi, don't miss our sale with discounts up to 70% on selected items. Click to know more.",low,ignore,monthly report,hi don t miss our sale with discounts up to 70 on selected items click to know more,monthly report hi don t miss our sale with discounts up to 70 on selected items click to know more,ignore
168,security@bank.com,Payment Overdue,Reminder: The client meeting is scheduled at 14:30 tomorrow. Prepare your slides.,low,notify_human,payment overdue,reminder the client meeting is scheduled at 14 30 tomorrow prepare your slides,payment overdue reminder the client meeting is scheduled at 14 30 tomorrow prepare your slides,notify_human
169,news@techblog.com,Meeting Agenda,"Hello team, please find the attached weekly report and action items for the project.",medium,respond,meeting agenda,hello team please find the attached weekly report and action items for the project,meeting agenda hello team please find the attached weekly report and action items for the project,notify_human
170,boss@company.com,Meeting Agenda,Notice: Your account will be locked unless verification is completed.,low,notify_human,meeting agenda,notice your account will be locked unless verification is completed,meeting agenda notice your account will be locked unless verification is completed,notify_human
171,hr@company.com,Account Suspended,Your order #9749 has been shipped and is expected to deliver by 2026-01-05.,low,notify_human,account suspended,your order 9749 has been shipped and is expected to deliver by 2026 01 05,account suspended your order 9749 has been shipped and is expected to deliver by 2026 01 05,notify_human
172,no-reply@service.com,Congratulations! You've Won,Congratulations! You have been selected as a lucky winner. Claim your prize now by clicking the link.,medium,ignore,congratulations you ve won,congratulations you have been selected as a lucky winner claim your prize now by clicking the link,congratulations you ve won congratulations you have been selected as a lucky winner claim your prize now by clicking the link,ignore
173,support@cloud.com,Policy Update,Security alert: multiple failed login attempts were recorded on your account.,low,notify_human,policy update,security alert multiple failed login attempts were recorded on your account,policy update security alert multiple failed login attempts were recorded on your account,respond_or_act
174,no-reply@service.com,Payment Overdue,Please complete the mandatory training module before the deadline.,low,notify_human,payment overdue,please complete the mandatory training module before the deadline,payment overdue please complete the mandatory training module before the deadline,notify_human
175,news@techblog.com,Security Alert,Your order #4637 has been shipped and is expected to deliver by 2025-12-16.,medium,notify_human,security alert,your order 4637 has been shipped and is expected to deliver by 2025 12 16,security alert your order 4637 has been shipped and is expected to deliver by 2025 12 16,notify_human
176,hr@company.com,Password Reset Request,Security alert: multiple failed login attempts were recorded on your account.,high,notify_human,password reset request,security alert multiple failed login attempts were recorded on your account,password reset request security alert multiple failed login attempts were recorded on your account,respond_or_act
177,hr@company.com,Account Suspended,"Dear user, we detected a login from a new device. If this wasn't you, reset your password immediately.",low,notify_human,account suspended,dear user we detected a login from a new device if this wasn t you reset your password immediately,account suspended dear user we detected a login from a new device if this wasn t you reset your password immediately,notify_human
178,no-reply@service.com,Meeting Agenda,Your order #5193 has been shipped and is expected to deliver by 2025-12-12.,low,respond,meeting agenda,your order 5193 has been shipped and is expected to deliver by 2025 12 12,meeting agenda your order 5193 has been shipped and is expected to deliver by 2025 12 12,notify_human
179,news@techblog.com,Survey,Notice: Your account will be locked unless verification is completed.,low,notify_human,survey,notice your account will be locked unless verification is completed,survey notice your account will be locked unless verification is completed,notify_human
180,sales@shop.com,System Maintenance,Notice: Your account will be locked unless verification is completed.,low,notify_human,system maintenance,notice your account will be locked unless verification is completed,system maintenance notice your account will be locked unless verification is completed,notify_human
181,news@techblog.com,Order Shipped,Security alert: multiple failed login attempts were recorded on your account.,medium,notify_human,order shipped,security alert multiple failed login attempts were recorded on your account,order shipped security alert multiple failed login attempts were recorded on your account,notify_human
182,alerts@bank.com,Policy Update,Congratulations! You have been selected as a lucky winner. Claim your prize now by clicking the link.,medium,ignore,policy update,congratulations you have been selected as a lucky winner claim your prize now by clicking the link,policy update congratulations you have been selected as a lucky winner claim your prize now by clicking the link,ignore
183,security@bank.com,Event Invitation,Congratulations! You have been selected as a lucky winner. Claim your prize now by clicking the link.,low,ignore,event invitation,congratulations you have been selected as a lucky winner claim your prize now by clicking the link,event invitation congratulations you have been selected as a lucky winner claim your prize now by clicking the link,ignore
184,alerts@bank.com,Promotion: Big Sale,Congratulations! You have been selected as a lucky winner. Claim your prize now by clicking the link.,medium,ignore,promotion big sale,congratulations you have been selected as a lucky winner claim your prize now by clicking the link,promotion big sale congratulations you have been selected as a lucky winner claim your prize now by clicking the link,ignore
185,no-reply@service.com,Action Required,"Hi, don't miss our sale with discounts up to 70% on selected items. Click to know more.",low,ignore,action required,hi don t miss our sale with discounts up to 70 on selected items click to know more,action required hi don t miss our sale with discounts up to 70 on selected items click to know more,ignore
186,sales@shop.com,Unusual Login Attempt,Congratulations! You have been selected as a lucky winner. Claim your prize now by clicking the link.,low,notify_human,unusual login attempt,congratulations you have been selected as a lucky winner claim your prize now by clicking the link,unusual login attempt congratulations you have been selected as a lucky winner claim your prize now by clicking the link,ignore
187,sales@shop.com,Order Shipped,Congratulations! You have been selected as a lucky winner. Claim your prize now by clicking the link.,medium,ignore,order shipped,congratulations you have been selected as a lucky winner claim your prize now by clicking the link,order shipped congratulations you have been selected as a lucky winner claim your prize now by clicking the link,ignore
188,teamlead@company.com,Event Invitation,Your order #9129 has been shipped and is expected to deliver by 2025-12-24.,medium,respond,event invitation,your order 9129 has been shipped and is expected to deliver by 2025 12 24,event invitation your order 9129 has been shipped and is expected to deliver by 2025 12 24,notify_human
189,hr@company.com,Policy Update,Reminder: The client meeting is scheduled at 15:00 tomorrow. Prepare your slides.,medium,respond,policy update,reminder the client meeting is scheduled at 15 00 tomorrow prepare your slides,policy update reminder the client meeting is scheduled at 15 00 tomorrow prepare your slides,respond_or_act
190,news@techblog.com,Survey,Reminder: The client meeting is scheduled at 14:30 tomorrow. Prepare your slides.,low,respond,survey,reminder the client meeting is scheduled at 14 30 tomorrow prepare your slides,survey reminder the client meeting is scheduled at 14 30 tomorrow prepare your slides,notify_human
191,teamlead@company.com,Project Update,Your order #5498 has been shipped and is expected to deliver by 2025-12-13.,medium,respond,project update,your order 5498 has been shipped and is expected to deliver by 2025 12 13,project update your order 5498 has been shipped and is expected to deliver by 2025 12 13,respond_or_act
192,security@bank.com,Weekly Newsletter,Security alert: multiple failed login attempts were recorded on your account.,medium,notify_human,weekly newsletter,security alert multiple failed login attempts were recorded on your account,weekly newsletter security alert multiple failed login attempts were recorded on your account,notify_human
193,no-reply@service.com,Unusual Login Attempt,"Hi, don't miss our sale with discounts up to 70% on selected items. Click to know more.",high,notify_human,unusual login attempt,hi don t miss our sale with discounts up to 70 on selected items click to know more,unusual login attempt hi don t miss our sale with discounts up to 70 on selected items click to know more,ignore
194,security@bank.com,Subscription Renewal,"Hi, don't miss our sale with discounts up to 70% on selected items. Click to know more.",low,ignore,subscription renewal,hi don t miss our sale with discounts up to 70 on selected items click to know more,subscription renewal hi don t miss our sale with discounts up to 70 on selected items click to know more,ignore
195,support@cloud.com,Payment Overdue,Security alert: multiple failed login attempts were recorded on your account.,medium,notify_human,payment overdue,security alert multiple failed login attempts were recorded on your account,payment overdue security alert multiple failed login attempts were recorded on your account,notify_human
196,no-reply@service.com,Policy Update,Security alert: multiple failed login attempts were recorded on your account.,low,notify_human,policy update,security alert multiple failed login attempts were recorded on your account,policy update security alert multiple failed login attempts were recorded on your account,respond_or_act
197,boss@company.com,Order Shipped,Your order #3828 has been shipped and is expected to deliver by 2025-12-16.,medium,respond,order shipped,your order 3828 has been shipped and is expected to deliver by 2025 12 16,order shipped your order 3828 has been shipped and is expected to deliver by 2025 12 16,notify_human
198,no-reply@service.com,Weekly Newsletter,Congratulations! You have been selected as a lucky winner. Claim your prize now by clicking the link.,medium,ignore,weekly newsletter,congratulations you have been selected as a lucky winner claim your prize now by clicking the link,weekly newsletter congratulations you have been selected as a lucky winner claim your prize now by clicking the link,ignore
199,news@techblog.com,Payment Overdue,Please complete the mandatory training module before the deadline.,low,notify_human,payment overdue,please complete the mandatory training module before the deadline,payment overdue please complete the mandatory training module before the deadline,notify_human
200,support@cloud.com,Promotion: Big Sale,Congratulations! You have been selected as a lucky winner. Claim your prize now by clicking the link.,low,ignore,promotion big sale,congratulations you have been selected as a lucky winner claim your prize now by clicking the link,promotion big sale congratulations you have been selected as a lucky winner claim your prize now by clicking the link,ignore
