,id,sender,subject,body,priority,triage_label,ideal_intent,ideal_tone
0,1,alerts@bank.com,Password Reset Request,Reminder: The client meeting is scheduled at 10:00 tomorrow. Prepare your slides.,low,notify_human,notify,urgent
1,2,alerts@bank.com,Congratulations! You've Won,Your invoice of INR 25515.09 is due on 2025-12-12. Please pay to avoid late fees.,low,respond,respond,polite
2,3,no-reply@service.com,Promotion: Big Sale,Reminder: The client meeting is scheduled at 11:30 tomorrow. Prepare your slides.,low,ignore,notify,urgent
3,4,sales@shop.com,Monthly Report,"Hello team, please find the attached weekly report and action items for the project.",medium,respond,respond,polite
4,5,no-reply@service.com,Survey,"Hello team, please find the attached weekly report and action items for the project.",low,respond,respond,polite
5,6,alerts@bank.com,Unusual Login Attempt,Your invoice of INR 38766.88 is due on 2025-12-14. Please pay to avoid late fees.,low,notify_human,respond,polite
6,7,hr@company.com,Project Update,Congratulations! You have been selected as a lucky winner. Claim your prize now by clicking the link.,low,ignore,,neutral
7,8,sales@shop.com,Project Update,Your order #6313 has been shipped and is expected to deliver by 2026-01-10.,medium,respond,,neutral
8,9,security@bank.com,Account Suspended,"Dear user, we detected a login from a new device. If this wasn't you, reset your password immediately.",high,notify_human,,neutral
9,10,boss@company.com,Monthly Report,Your invoice of INR 32944.21 is due on 2025-12-24. Please pay to avoid late fees.,low,respond,respond,polite
10,11,support@cloud.com,Survey,Reminder: The client meeting is scheduled at 15:30 tomorrow. Prepare your slides.,high,respond,notify,urgent
11,12,news@techblog.com,Policy Update,Your order #3621 has been shipped and is expected to deliver by 2025-12-13.,medium,respond,,neutral
12,13,teamlead@company.com,Subscription Renewal,"Hello team, please find the attached weekly report and action items for the project.",medium,respond,respond,polite
13,14,alerts@bank.com,Survey,Reminder: The client meeting is scheduled at 10:30 tomorrow. Prepare your slides.,low,respond,notify,urgent
14,15,security@bank.com,Security Alert,Please complete the mandatory training module before the deadline.,medium,notify_human,notify,urgent
15,16,news@techblog.com,Payment Overdue,"Hi, don't miss our sale with discounts up to 70% on selected items. Click to know more.",low,notify_human,,neutral
16,17,alerts@bank.com,Payment Overdue,Reminder: The client meeting is scheduled at 10:00 tomorrow. Prepare your slides.,medium,notify_human,notify,urgent
17,18,support@cloud.com,Meeting Agenda,"Hi, don't miss our sale with discounts up to 70% on selected items. Click to know more.",medium,ignore,,neutral
18,19,teamlead@company.com,Congratulations! You've Won,Please complete the mandatory training module before the deadline.,high,respond,notify,urgent
19,20,hr@company.com,Welcome to Service,Please complete the mandatory training module before the deadline.,low,respond,notify,urgent
20,21,support@cloud.com,Account Suspended,Notice: Your account will be locked unless verification is completed.,high,notify_human,,neutral
21,22,hr@company.com,Weekly Newsletter,Please complete the mandatory training module before the deadline.,low,ignore,notify,urgent
22,23,boss@company.com,Promotion: Big Sale,Your order #2545 has been shipped and is expected to deliver by 2025-12-27.,low,ignore,,neutral
23,24,teamlead@company.com,Payment Overdue,Security alert: multiple failed login attempts were recorded on your account.,low,notify_human,,neutral
24,25,hr@company.com,Invoice Due,Your invoice of INR 9983.71 is due on 2025-12-29. Please pay to avoid late fees.,low,respond,respond,polite
25,26,no-reply@service.com,Account Suspended,"Hello team, please find the attached weekly report and action items for the project.",medium,notify_human,respond,polite
26,27,support@cloud.com,Password Reset Request,"Hello team, please find the attached weekly report and action items for the project.",low,notify_human,respond,polite
27,28,sales@shop.com,Event Invitation,"Dear user, we detected a login from a new device. If this wasn't you, reset your password immediately.",low,notify_human,,neutral
28,29,support@cloud.com,Action Required,"Hi, don't miss our sale with discounts up to 70% on selected items. Click to know more.",low,ignore,,neutral
29,30,boss@company.com,Action Required,Please complete the mandatory training module before the deadline.,low,respond,notify,urgent
30,31,news@techblog.com,Weekly Newsletter,Notice: Your account will be locked unless verification is completed.,high,notify_human,,neutral
31,32,boss@company.com,Account Suspended,Notice: Your account will be locked unless verification is completed.,low,notify_human,,neutral
32,33,orders@ecom.com,Congratulations! You've Won,Congratulations! You have been selected as a lucky winner. Claim your prize now by clicking the link.,low,ignore,,neutral
33,34,alerts@bank.com,Password Reset Request,Your order #9808 has been shipped and is expected to deliver by 2025-12-30.,low,notify_human,,neutral
34,35,orders@ecom.com,Meeting Agenda,Congratulations! You have been selected as a lucky winner. Claim your prize now by clicking the link.,low,ignore,,neutral
35,36,support@cloud.com,Order Shipped,Notice: Your account will be locked unless verification is completed.,high,notify_human,,neutral
36,37,alerts@bank.com,Meeting Agenda,Reminder: The client meeting is scheduled at 17:00 tomorrow. Prepare your slides.,low,respond,notify,urgent
37,38,sales@shop.com,Monthly Report,Your invoice of INR 34531.11 is due on 2026-01-08. Please pay to avoid late fees.,high,respond,respond,polite
38,39,security@bank.com,Weekly Newsletter,Security alert: multiple failed login attempts were recorded on your account.,medium,notify_human,,neutral
39,40,orders@ecom.com,Project Update,Your order #2832 has been shipped and is expected to deliver by 2025-12-25.,low,respond,,neutral
40,41,news@techblog.com,Survey,"Dear user, we detected a login from a new device. If this wasn't you, reset your password immediately.",low,notify_human,,neutral
41,42,orders@ecom.com,Payment Overdue,"Dear user, we detected a login from a new device. If this wasn't you, reset your password immediately.",medium,notify_human,,neutral
42,43,teamlead@company.com,Subscription Renewal,"Hi, don't miss our sale with discounts up to 70% on selected items. Click to know more.",low,ignore,,neutral
43,44,hr@company.com,System Maintenance,Your invoice of INR 13706.88 is due on 2026-01-06. Please pay to avoid late fees.,medium,respond,respond,polite
44,45,sales@shop.com,Congratulations! You've Won,Your order #1387 has been shipped and is expected to deliver by 2026-01-07.,medium,respond,,neutral
45,46,teamlead@company.com,Monthly Report,Reminder: The client meeting is scheduled at 13:30 tomorrow. Prepare your slides.,low,respond,notify,urgent
46,47,support@cloud.com,Monthly Report,"Dear user, we detected a login from a new device. If this wasn't you, reset your password immediately.",low,notify_human,,neutral
47,48,teamlead@company.com,Payment Overdue,Congratulations! You have been selected as a lucky winner. Claim your prize now by clicking the link.,low,notify_human,,neutral
48,49,teamlead@company.com,Password Reset Request,Please complete the mandatory training module before the deadline.,low,notify_human,notify,urgent
49,50,hr@company.com,Subscription Renewal,Congratulations! You have been selected as a lucky winner. Claim your prize now by clicking the link.,low,ignore,,neutral
50,51,orders@ecom.com,Survey,"Hi, don't miss our sale with discounts up to 70% on selected items. Click to know more.",low,ignore,,neutral
51,52,security@bank.com,Order Shipped,Reminder: The client meeting is scheduled at 14:30 tomorrow. Prepare your slides.,low,respond,notify,urgent
52,53,sales@shop.com,Policy Update,Your order #5649 has been shipped and is expected to deliver by 2026-01-06.,low,respond,,neutral
53,54,boss@company.com,Monthly Report,"Hello team, please find the attached weekly report and action items for the project.",medium,respond,respond,polite
54,55,news@techblog.com,Password Reset Request,"Dear user, we detected a login from a new device. If this wasn't you, reset your password immediately.",medium,notify_human,,neutral
55,56,boss@company.com,Congratulations! You've Won,Security alert: multiple failed login attempts were recorded on your account.,medium,notify_human,,neutral
56,57,sales@shop.com,Project Update,Please complete the mandatory training module before the deadline.,low,respond,notify,urgent
57,58,no-reply@service.com,Policy Update,Please complete the mandatory training module before the deadline.,low,respond,notify,urgent
58,59,news@techblog.com,Action Required,Your order #4919 has been shipped and is expected to deliver by 2025-12-19.,low,respond,,neutral
59,60,alerts@bank.com,Order Shipped,Your invoice of INR 13949.9 is due on 2025-12-22. Please pay to avoid late fees.,low,respond,respond,polite
60,61,teamlead@company.com,Meeting Agenda,Your invoice of INR 3679.33 is due on 2025-12-25. Please pay to avoid late fees.,low,respond,respond,polite
61,62,teamlead@company.com,Event Invitation,Notice: Your account will be locked unless verification is completed.,high,notify_human,,neutral
62,63,orders@ecom.com,Event Invitation,Security alert: multiple failed login attempts were recorded on your account.,low,notify_human,,neutral
63,64,teamlead@company.com,Action Required,"Dear user, we detected a login from a new device. If this wasn't you, reset your password immediately.",high,notify_human,,neutral
64,65,boss@company.com,Survey,"Dear user, we detected a login from a new device. If this wasn't you, reset your password immediately.",low,notify_human,,neutral
65,66,no-reply@service.com,Project Update,"Dear user, we detected a login from a new device. If this wasn't you, reset your password immediately.",low,notify_human,,neutral
66,67,teamlead@company.com,Security Alert,Security alert: multiple failed login attempts were recorded on your account.,low,notify_human,,neutral
67,68,hr@company.com,Account Suspended,"Hello team, please find the attached weekly report and action items for the project.",low,notify_human,respond,polite
68,69,security@bank.com,Subscription Renewal,"Hi, don't miss our sale with discounts up to 70% on selected items. Click to know more.",medium,ignore,,neutral
69,70,hr@company.com,Project Update,Notice: Your account will be locked unless verification is completed.,low,notify_human,,neutral
70,71,security@bank.com,Order Shipped,Notice: Your account will be locked unless verification is completed.,low,notify_human,,neutral
71,72,sales@shop.com,Invoice Due,Reminder: The client meeting is scheduled at 10:00 tomorrow. Prepare your slides.,low,respond,notify,urgent
72,73,hr@company.com,Weekly Newsletter,Please complete the mandatory training module before the deadline.,low,ignore,notify,urgent
73,74,hr@company.com,Welcome to Service,"Hi, don't miss our sale with discounts up to 70% on selected items. Click to know more.",medium,ignore,,neutral
74,75,no-reply@service.com,System Maintenance,Notice: Your account will be locked unless verification is completed.,medium,notify_human,,neutral
75,76,sales@shop.com,Welcome to Service,Notice: Your account will be locked unless verification is completed.,medium,notify_human,,neutral
76,77,news@techblog.com,Action Required,Your invoice of INR 18063.84 is due on 2025-12-20. Please pay to avoid late fees.,low,respond,respond,polite
77,78,support@cloud.com,Congratulations! You've Won,"Hello team, please find the attached weekly report and action items for the project.",medium,respond,respond,polite
78,79,no-reply@service.com,Welcome to Service,"Dear user, we detected a login from a new device. If this wasn't you, reset your password immediately.",medium,notify_human,,neutral
79,80,hr@company.com,Action Required,Please complete the mandatory training module before the deadline.,medium,respond,notify,urgent
80,81,orders@ecom.com,Order Shipped,Reminder: The client meeting is scheduled at 12:30 tomorrow. Prepare your slides.,medium,respond,notify,urgent
81,82,news@techblog.com,Congratulations! You've Won,Your invoice of INR 37060.93 is due on 2025-12-20. Please pay to avoid late fees.,medium,respond,respond,polite
82,83,orders@ecom.com,Account Suspended,Congratulations! You have been selected as a lucky winner. Claim your prize now by clicking the link.,low,notify_human,,neutral
83,84,security@bank.com,Survey,Reminder: The client meeting is scheduled at 16:00 tomorrow. Prepare your slides.,low,respond,notify,urgent
84,85,no-reply@service.com,Action Required,Your order #2869 has been shipped and is expected to deliver by 2025-12-13.,medium,respond,,neutral
85,86,teamlead@company.com,Action Required,"Hello team, please find the attached weekly report and action items for the project.",medium,respond,respond,polite
86,87,orders@ecom.com,Weekly Newsletter,Your invoice of INR 6363.35 is due on 2026-01-05. Please pay to avoid late fees.,low,ignore,respond,polite
87,88,no-reply@service.com,Order Shipped,Notice: Your account will be locked unless verification is completed.,medium,notify_human,,neutral
88,89,orders@ecom.com,Weekly Newsletter,"Hi, don't miss our sale with discounts up to 70% on selected items. Click to know more.",low,ignore,,neutral
89,90,boss@company.com,Action Required,Reminder: The client meeting is scheduled at 13:30 tomorrow. Prepare your slides.,medium,respond,notify,urgent
90,91,orders@ecom.com,Promotion: Big Sale,Your invoice of INR 21544.38 is due on 2025-12-29. Please pay to avoid late fees.,medium,ignore,respond,polite
91,92,alerts@bank.com,Unusual Login Attempt,"Hi, don't miss our sale with discounts up to 70% on selected items. Click to know more.",low,notify_human,,neutral
92,93,orders@ecom.com,Event Invitation,Reminder: The client meeting is scheduled at 16:00 tomorrow. Prepare your slides.,medium,respond,notify,urgent
93,94,hr@company.com,Subscription Renewal,Reminder: The client meeting is scheduled at 9:30 tomorrow. Prepare your slides.,medium,respond,notify,urgent
94,95,news@techblog.com,Action Required,Please complete the mandatory training module before the deadline.,medium,respond,notify,urgent
95,96,no-reply@service.com,Weekly Newsletter,Your order #3634 has been shipped and is expected to deliver by 2025-12-22.,low,ignore,,neutral
96,97,no-reply@service.com,Order Shipped,Security alert: multiple failed login attempts were recorded on your account.,low,notify_human,,neutral
97,98,hr@company.com,Invoice Due,Security alert: multiple failed login attempts were recorded on your account.,low,notify_human,,neutral
98,99,support@cloud.com,Payment Overdue,Notice: Your account will be locked unless verification is completed.,low,notify_human,,neutral
99,100,news@techblog.com,Order Shipped,Your order #4920 has been shipped and is expected to deliver by 2025-12-27.,medium,respond,,neutral
100,101,orders@ecom.com,Survey,"Dear user, we detected a login from a new device. If this wasn't you, reset your password immediately.",high,notify_human,,neutral
101,102,news@techblog.com,Action Required,Reminder: The client meeting is scheduled at 15:30 tomorrow. Prepare your slides.,low,respond,notify,urgent
102,103,support@cloud.com,Meeting Agenda,Security alert: multiple failed login attempts were recorded on your account.,low,notify_human,,neutral
103,104,teamlead@company.com,Monthly Report,Please complete the mandatory training module before the deadline.,medium,respond,notify,urgent
104,105,no-reply@service.com,Survey,Your order #8460 has been shipped and is expected to deliver by 2025-12-29.,high,respond,,neutral
105,106,sales@shop.com,Account Suspended,Notice: Your account will be locked unless verification is completed.,medium,notify_human,,neutral
106,107,teamlead@company.com,Event Invitation,"Hi, don't miss our sale with discounts up to 70% on selected items. Click to know more.",medium,ignore,,neutral
107,108,no-reply@service.com,Invoice Due,Please complete the mandatory training module before the deadline.,low,respond,notify,urgent
108,109,orders@ecom.com,Monthly Report,Notice: Your account will be locked unless verification is completed.,low,notify_human,,neutral
109,110,hr@company.com,Action Required,Please complete the mandatory training module before the deadline.,medium,respond,notify,urgent
110,111,teamlead@company.com,Invoice Due,"Hello team, please find the attached weekly report and action items for the project.",low,respond,respond,polite
111,112,security@bank.com,Order Shipped,Congratulations! You have been selected as a lucky winner. Claim your prize now by clicking the link.,low,ignore,,neutral
112,113,alerts@bank.com,Subscription Renewal,Security alert: multiple failed login attempts were recorded on your account.,low,notify_human,,neutral
113,114,orders@ecom.com,Welcome to Service,Reminder: The client meeting is scheduled at 16:30 tomorrow. Prepare your slides.,low,respond,notify,urgent
114,115,no-reply@service.com,Payment Overdue,Notice: Your account will be locked unless verification is completed.,low,notify_human,,neutral
115,116,teamlead@company.com,Action Required,"Hello team, please find the attached weekly report and action items for the project.",low,respond,respond,polite
116,117,teamlead@company.com,Security Alert,"Dear user, we detected a login from a new device. If this wasn't you, reset your password immediately.",medium,notify_human,,neutral
117,118,sales@shop.com,Subscription Renewal,Congratulations! You have been selected as a lucky winner. Claim your prize now by clicking the link.,high,ignore,,neutral
118,119,security@bank.com,Order Shipped,Your order #5835 has been shipped and is expected to deliver by 2025-12-23.,low,respond,,neutral
119,120,teamlead@company.com,Project Update,Your invoice of INR 7041.91 is due on 2025-12-29. Please pay to avoid late fees.,low,respond,respond,polite
120,121,no-reply@service.com,Order Shipped,Congratulations! You have been selected as a lucky winner. Claim your prize now by clicking the link.,medium,ignore,,neutral
121,122,teamlead@company.com,Survey,Congratulations! You have been selected as a lucky winner. Claim your prize now by clicking the link.,low,ignore,,neutral
122,123,hr@company.com,Security Alert,Notice: Your account will be locked unless verification is completed.,low,notify_human,,neutral
123,124,boss@company.com,Survey,Congratulations! You have been selected as a lucky winner. Claim your prize now by clicking the link.,medium,ignore,,neutral
124,125,alerts@bank.com,Meeting Agenda,"Dear user, we detected a login from a new device. If this wasn't you, reset your password immediately.",low,notify_human,,neutral
125,126,support@cloud.com,Meeting Agenda,Security alert: multiple failed login attempts were recorded on your account.,medium,notify_human,,neutral
126,127,alerts@bank.com,Action Required,Notice: Your account will be locked unless verification is completed.,low,notify_human,,neutral
127,128,sales@shop.com,Payment Overdue,"Hello team, please find the attached weekly report and action items for the project.",low,notify_human,respond,polite
128,129,sales@shop.com,Invoice Due,Your order #6464 has been shipped and is expected to deliver by 2025-12-18.,low,respond,,neutral
129,130,news@techblog.com,Promotion: Big Sale,Your invoice of INR 3896.2 is due on 2026-01-05. Please pay to avoid late fees.,medium,ignore,respond,polite
130,131,sales@shop.com,Monthly Report,"Hi, don't miss our sale with discounts up to 70% on selected items. Click to know more.",high,ignore,,neutral
131,132,support@cloud.com,Security Alert,"Hi, don't miss our sale with discounts up to 70% on selected items. Click to know more.",low,notify_human,,neutral
132,133,sales@shop.com,Promotion: Big Sale,Congratulations! You have been selected as a lucky winner. Claim your prize now by clicking the link.,low,ignore,,neutral
133,134,alerts@bank.com,Action Required,Your order #9254 has been shipped and is expected to deliver by 2025-12-28.,low,respond,,neutral
134,135,boss@company.com,Unusual Login Attempt,Please complete the mandatory training module before the deadline.,medium,notify_human,notify,urgent
135,136,teamlead@company.com,Invoice Due,Your order #6277 has been shipped and is expected to deliver by 2025-12-26.,medium,respond,,neutral
136,137,alerts@bank.com,Meeting Agenda,Reminder: The client meeting is scheduled at 17:30 tomorrow. Prepare your slides.,high,respond,notify,urgent
137,138,support@cloud.com,Order Shipped,Your order #4522 has been shipped and is expected to deliver by 2025-12-25.,low,respond,,neutral
138,139,sales@shop.com,System Maintenance,Congratulations! You have been selected as a lucky winner. Claim your prize now by clicking the link.,low,ignore,,neutral
139,140,orders@ecom.com,Payment Overdue,"Hi, don't miss our sale with discounts up to 70% on selected items. Click to know more.",low,notify_human,,neutral
140,141,alerts@bank.com,Payment Overdue,"Hi, don't miss our sale with discounts up to 70% on selected items. Click to know more.",low,notify_human,,neutral
141,142,teamlead@company.com,Unusual Login Attempt,Reminder: The client meeting is scheduled at 10:00 tomorrow. Prepare your slides.,medium,notify_human,notify,urgent
142,143,sales@shop.com,Invoice Due,Congratulations! You have been selected as a lucky winner. Claim your prize now by clicking the link.,medium,ignore,,neutral
143,144,support@cloud.com,Subscription Renewal,Notice: Your account will be locked unless verification is completed.,low,notify_human,,neutral
144,145,orders@ecom.com,Monthly Report,Congratulations! You have been selected as a lucky winner. Claim your prize now by clicking the link.,low,ignore,,neutral
145,146,security@bank.com,Weekly Newsletter,Please complete the mandatory training module before the deadline.,low,ignore,notify,urgent
146,147,hr@company.com,Promotion: Big Sale,Notice: Your account will be locked unless verification is completed.,medium,notify_human,,neutral
147,148,orders@ecom.com,Welcome to Service,Security alert: multiple failed login attempts were recorded on your account.,medium,notify_human,,neutral
148,149,alerts@bank.com,Payment Overdue,Security alert: multiple failed login attempts were recorded on your account.,low,notify_human,,neutral
149,150,boss@company.com,Unusual Login Attempt,"Dear user, we detected a login from a new device. If this wasn't you, reset your password immediately.",low,notify_human,,neutral
150,151,security@bank.com,Action Required,Security alert: multiple failed login attempts were recorded on your account.,low,notify_human,,neutral
151,152,hr@company.com,Weekly Newsletter,Security alert: multiple failed login attempts were recorded on your account.,high,notify_human,,neutral
152,153,hr@company.com,Promotion: Big Sale,Security alert: multiple failed login attempts were recorded on your account.,low,notify_human,,neutral
153,154,hr@company.com,Project Update,Notice: Your account will be locked unless verification is completed.,medium,notify_human,,neutral
154,155,sales@shop.com,System Maintenance,Notice: Your account will be locked unless verification is completed.,low,notify_human,,neutral
155,156,news@techblog.com,Weekly Newsletter,Please complete the mandatory training module before the deadline.,low,ignore,notify,urgent
156,157,news@techblog.com,Account Suspended,"Hello team, please find the attached weekly report and action items for the project.",low,notify_human,respond,polite
157,158,no-reply@service.com,Welcome to Service,Notice: Your account will be locked unless verification is completed.,low,notify_human,,neutral
158,159,no-reply@service.com,Welcome to Service,Reminder: The client meeting is scheduled at 9:30 tomorrow. Prepare your slides.,low,respond,notify,urgent
159,160,no-reply@service.com,Welcome to Service,"Dear user, we detected a login from a new device. If this wasn't you, reset your password immediately.",medium,notify_human,,neutral
160,161,support@cloud.com,Event Invitation,Your order #4084 has been shipped and is expected to deliver by 2026-01-06.,low,respond,,neutral
161,162,no-reply@service.com,Policy Update,"Hi, don't miss our sale with discounts up to 70% on selected items. Click to know more.",low,ignore,,neutral
162,163,news@techblog.com,Unusual Login Attempt,Your invoice of INR 35527.27 is due on 2025-12-26. Please pay to avoid late fees.,low,notify_human,respond,polite
163,164,orders@ecom.com,Event Invitation,Security alert: multiple failed login attempts were recorded on your account.,low,notify_human,,neutral
164,165,support@cloud.com,Event Invitation,Reminder: The client meeting is scheduled at 11:30 tomorrow. Prepare your slides.,low,respond,notify,urgent
165,166,news@techblog.com,Payment Overdue,Reminder: The client meeting is scheduled at 15:00 tomorrow. Prepare your slides.,low,notify_human,notify,urgent
166,167,teamlead@company.com,Monthly Report,"Hi, don't miss our sale with discounts up to 70% on selected items. Click to know more.",low,ignore,,neutral
167,168,security@bank.com,Payment Overdue,Reminder: The client meeting is scheduled at 14:30 tomorrow. Prepare your slides.,low,notify_human,notify,urgent
168,169,news@techblog.com,Meeting Agenda,"Hello team, please find the attached weekly report and action items for the project.",medium,respond,respond,polite
169,170,boss@company.com,Meeting Agenda,Notice: Your account will be locked unless verification is completed.,low,notify_human,,neutral
170,171,hr@company.com,Account Suspended,Your order #9749 has been shipped and is expected to deliver by 2026-01-05.,low,notify_human,,neutral
171,172,no-reply@service.com,Congratulations! You've Won,Congratulations! You have been selected as a lucky winner. Claim your prize now by clicking the link.,medium,ignore,,neutral
172,173,support@cloud.com,Policy Update,Security alert: multiple failed login attempts were recorded on your account.,low,notify_human,,neutral
173,174,no-reply@service.com,Payment Overdue,Please complete the mandatory training module before the deadline.,low,notify_human,notify,urgent
174,175,news@techblog.com,Security Alert,Your order #4637 has been shipped and is expected to deliver by 2025-12-16.,medium,notify_human,,neutral
175,176,hr@company.com,Password Reset Request,Security alert: multiple failed login attempts were recorded on your account.,high,notify_human,,neutral
176,177,hr@company.com,Account Suspended,"Dear user, we detected a login from a new device. If this wasn't you, reset your password immediately.",low,notify_human,,neutral
177,178,no-reply@service.com,Meeting Agenda,Your order #5193 has been shipped and is expected to deliver by 2025-12-12.,low,respond,,neutral
178,179,news@techblog.com,Survey,Notice: Your account will be locked unless verification is completed.,low,notify_human,,neutral
179,180,sales@shop.com,System Maintenance,Notice: Your account will be locked unless verification is completed.,low,notify_human,,neutral
180,181,news@techblog.com,Order Shipped,Security alert: multiple failed login attempts were recorded on your account.,medium,notify_human,,neutral
181,182,alerts@bank.com,Policy Update,Congratulations! You have been selected as a lucky winner. Claim your prize now by clicking the link.,medium,ignore,,neutral
182,183,security@bank.com,Event Invitation,Congratulations! You have been selected as a lucky winner. Claim your prize now by clicking the link.,low,ignore,,neutral
183,184,alerts@bank.com,Promotion: Big Sale,Congratulations! You have been selected as a lucky winner. Claim your prize now by clicking the link.,medium,ignore,,neutral
184,185,no-reply@service.com,Action Required,"Hi, don't miss our sale with discounts up to 70% on selected items. Click to know more.",low,ignore,,neutral
185,186,sales@shop.com,Unusual Login Attempt,Congratulations! You have been selected as a lucky winner. Claim your prize now by clicking the link.,low,notify_human,,neutral
186,187,sales@shop.com,Order Shipped,Congratulations! You have been selected as a lucky winner. Claim your prize now by clicking the link.,medium,ignore,,neutral
187,188,teamlead@company.com,Event Invitation,Your order #9129 has been shipped and is expected to deliver by 2025-12-24.,medium,respond,,neutral
188,189,hr@company.com,Policy Update,Reminder: The client meeting is scheduled at 15:00 tomorrow. Prepare your slides.,medium,respond,notify,urgent
189,190,news@techblog.com,Survey,Reminder: The client meeting is scheduled at 14:30 tomorrow. Prepare your slides.,low,respond,notify,urgent
190,191,teamlead@company.com,Project Update,Your order #5498 has been shipped and is expected to deliver by 2025-12-13.,medium,respond,,neutral
191,192,security@bank.com,Weekly Newsletter,Security alert: multiple failed login attempts were recorded on your account.,medium,notify_human,,neutral
192,193,no-reply@service.com,Unusual Login Attempt,"Hi, don't miss our sale with discounts up to 70% on selected items. Click to know more.",high,notify_human,,neutral
193,194,security@bank.com,Subscription Renewal,"Hi, don't miss our sale with discounts up to 70% on selected items. Click to know more.",low,ignore,,neutral
194,195,support@cloud.com,Payment Overdue,Security alert: multiple failed login attempts were recorded on your account.,medium,notify_human,,neutral
195,196,no-reply@service.com,Policy Update,Security alert: multiple failed login attempts were recorded on your account.,low,notify_human,,neutral
196,197,boss@company.com,Order Shipped,Your order #3828 has been shipped and is expected to deliver by 2025-12-16.,medium,respond,,neutral
197,198,no-reply@service.com,Weekly Newsletter,Congratulations! You have been selected as a lucky winner. Claim your prize now by clicking the link.,medium,ignore,,neutral
198,199,news@techblog.com,Payment Overdue,Please complete the mandatory training module before the deadline.,low,notify_human,notify,urgent
199,200,support@cloud.com,Promotion: Big Sale,Congratulations! You have been selected as a lucky winner. Claim your prize now by clicking the link.,low,ignore,,neutral
